"IE_XML_ID"	"IE_NAME"	"IE_ACTIVE"	"IE_CODE"	"IP_PROP35"	"IP_PROP36"	"IP_PROP37"	"IP_PROP51"	"IP_PROP6"	"IP_PROP8"	"IP_PROP23"	"IP_PROP24"	"IP_PROP25"	"IP_PROP27"	"IP_PROP30"	"IP_PROP42"	"IP_PROP55"	"IC_GROUP0"	"CV_PRICE_1"	"CV_CURRENCY_1"
	"Журнальный стол ПАЛИАТ 381001"	"N"	381001	58	44	45	19		"AntiqueWhite"	"Под заказ"	"circle"	"nature"	42000	381001	"pelit"	"Индонезия"	"Журнальные столы"	42000	"RUB"
	"Журнальный стол ПАЛИАТ 381002"	"N"	381002	56	43	45	20,7		"AntiqueWhite"	"Под заказ"	"circle"	"nature"	41000	381002	"pelit"	"Индонезия"	"Журнальные столы"	41000	"RUB"
	"Журнальный стол ПАЛИАТ 381003"	"N"	381003	59	57	45	38,7		"AntiqueWhite"	"Под заказ"	"circle"	"nature"	72500	381003	"pelit"	"Индонезия"	"Журнальные столы"	72500	"RUB"
	"Журнальный стол ПАЛИАТ 381004"	"Y"	381004	65	64	45	39,8		"AntiqueWhite"	"В резерве"	"circle"	"nature"	74600	381004	"pelit"	"Индонезия"	"Журнальные столы"	74600	"RUB"
	"Журнальный стол ПАЛИАТ 381005"	"N"	381005	75	60	45	46		"AntiqueWhite"	"Под заказ"	"circle"	"nature"	86200	381005	"pelit"	"Индонезия"	"Журнальные столы"	86200	"RUB"
	"Журнальный стол ПАЛИАТ 381006"	"Y"	381006	75	60	45	45		"AntiqueWhite"	"В наличии"	"circle"	"nature"	84300	381006	"pelit"	"Индонезия"	"Журнальные столы"	84300	"RUB"
	"Журнальный стол ПАЛИАТ 381007"	"Y"	381007	81	65	45	53		"AntiqueWhite"	"В резерве"	"circle"	"nature"	99300	381007	"pelit"	"Индонезия"	"Журнальные столы"	99300	"RUB"
	"Журнальный стол ПАЛИАТ 381008"	"Y"	381008	83	64	45	50,3		"AntiqueWhite"	"В наличии"	"circle"	"nature"	94300	381008	"pelit"	"Индонезия"	"Журнальные столы"	94300	"RUB"
	"Журнальный стол ПАЛИАТ 381009"	"N"	381009	106	80	45	80		"black"	"Под заказ"	"circle"	"nature"	149900	381009	"pelit"	"Индонезия"	"Большие столы"	149900	"RUB"
	"Журнальный стол ПАЛИАТ 381009"	"N"	381009	106	80	45	80		"black"	"Под заказ"	"circle"	"nature"	149900	381009	"pelit"	"Индонезия"	"Журнальные столы"	149900	"RUB"
	"Журнальный стол ПАЛИАТ 381010"	"N"	381010	49	43	45	16		"AntiqueWhite"	"Под заказ"	"circle"	"nature"	35000	381010	"pelit"	"Индонезия"	"Журнальные столы"	35000	"RUB"
	"Журнальный стол ПАЛИАТ 381011"	"N"	381011	42	40	45	10,9		"black"	"Под заказ"	"circle"	"nature"	28000	381011	"pelit"	"Индонезия"	"Журнальные столы"	28000	"RUB"
	"Журнальный стол ПАЛИАТ 381011"	"N"	381011	42	40	45	10,9		"black"	"Под заказ"	"circle"	"nature"	28000	381011	"pelit"	"Индонезия"	"Кофейные столы"	28000	"RUB"
	"Журнальный стол ПАЛИАТ 381012"	"N"	381012	70	60	45	41		"AntiqueWhite"	"Под заказ"	"circle"	"nature"	76800	381012	"pelit"	"Индонезия"	"Журнальные столы"	76800	"RUB"
	"Журнальный стол ПАЛИАТ 381013"	"N"	381013	68	62	45	40		"AntiqueWhite"	"Под заказ"	"circle"	"nature"	75000	381013	"pelit"	"Индонезия"	"Журнальные столы"	75000	"RUB"
	"Журнальный стол ПАЛИАТ 381014"	"Y"	381014	82	65	45	54		"AntiqueWhite"	"В резерве"	"circle"	"nature"	101200	381014	"pelit"	"Индонезия"	"Журнальные столы"	101200	"RUB"
	"Журнальный стол ПАЛИАТ 381015"	"N"	381015	77	68	45	42		"AntiqueWhite"	"Под заказ"	"circle"	"nature"	78700	381015	"pelit"	"Индонезия"	"Журнальные столы"	78700	"RUB"
	"Журнальный стол ПАЛИАТ 381016"	"N"	381016	76	69	45	46		"AntiqueWhite"	"Под заказ"	"circle"	"nature"	86200	381016	"pelit"	"Индонезия"	"Журнальные столы"	86200	"RUB"
	"Журнальный стол ПАЛИАТ 381017"	"N"	381017	86	80	45	54		"AntiqueWhite"	"Под заказ"	"circle"	"nature"	101200	381017	"pelit"	"Индонезия"	"Большие столы"	101200	"RUB"
	"Журнальный стол ПАЛИАТ 381017"	"N"	381017	86	80	45	54		"AntiqueWhite"	"Под заказ"	"circle"	"nature"	101200	381017	"pelit"	"Индонезия"	"Журнальные столы"	101200	"RUB"
	"Журнальный стол ПАЛИАТ 381018"	"N"	381018	87	80	45	56		"AntiqueWhite"	"Под заказ"	"circle"	"nature"	104900	381018	"pelit"	"Индонезия"	"Большие столы"	104900	"RUB"
	"Журнальный стол ПАЛИАТ 381018"	"N"	381018	87	80	45	56		"AntiqueWhite"	"Под заказ"	"circle"	"nature"	104900	381018	"pelit"	"Индонезия"	"Журнальные столы"	104900	"RUB"
	"Журнальный стол ПАЛИАТ 381019"	"Y"	381019	97	92	45	112		"black"	"В наличии"	"circle"	"nature"	209900	381019	"pelit"	"Индонезия"	"Журнальные столы"	209900	"RUB"
	"Журнальный стол ПАЛИАТ 381019"	"Y"	381019	97	92	45	112		"black"	"В наличии"	"circle"	"nature"	209900	381019	"pelit"	"Индонезия"	"Большие столы"	209900	"RUB"
	"Журнальный стол ПАЛИАТ 381020"	"Y"	381020	97	89	45	112		"black"	"В наличии"	"circle"	"nature"	209900	381020	"pelit"	"Индонезия"	"Большие столы"	209900	"RUB"
	"Журнальный стол ПАЛИАТ 381021"	"Y"	381021	95	89	45	112		"black"	"В наличии"	"circle"	"nature"	209900	381021	"pelit"	"Индонезия"	"Большие столы"	209900	"RUB"
	"Журнальный стол ПАЛИАТ 381022"	"Y"	381022	97	97	45	112		"black"	"В наличии"	"circle"	"nature"	209900	381022	"pelit"	"Индонезия"	"Большие столы"	209900	"RUB"
	"Журнальный стол ПАЛИАТ 381020"	"Y"	381020	97	89	45	112		"black"	"В наличии"	"circle"	"nature"	209900	381020	"pelit"	"Индонезия"	"Журнальные столы"	209900	"RUB"
	"Журнальный стол ПАЛИАТ 381021"	"Y"	381021	95	89	45	112		"black"	"В наличии"	"circle"	"nature"	209900	381021	"pelit"	"Индонезия"	"Журнальные столы"	209900	"RUB"
	"Журнальный стол ПАЛИАТ 381022"	"Y"	381022	97	97	45	112		"black"	"В наличии"	"circle"	"nature"	209900	381022	"pelit"	"Индонезия"	"Журнальные столы"	209900	"RUB"
	"Журнальный стол БИНТАУ 381061"	"Y"	381061	45	37	45	13,3		"black"	"В резерве"	"circle"	"obez"	32000	381061	"bintou"	"Индонезия"	"Журнальные столы"	32000	"RUB"
	"Журнальный стол БИНТАУ 381061"	"Y"	381061	45	37	45	13,3		"black"	"В резерве"	"circle"	"obez"	32000	381061	"bintou"	"Индонезия"	"Кофейные столы"	32000	"RUB"
	"Журнальный стол БИНТАУ 381062"	"N"	381062	44	36	45	13,7		"black"	"Под заказ"	"circle"	"obez"	32000	381062	"bintou"	"Индонезия"	"Журнальные столы"	32000	"RUB"
	"Журнальный стол БИНТАУ 381062"	"N"	381062	44	36	45	13,7		"black"	"Под заказ"	"circle"	"obez"	32000	381062	"bintou"	"Индонезия"	"Кофейные столы"	32000	"RUB"
	"Журнальный стол БИНТАУ 381063"	"N"	381063	43	41	45	13		"black"	"Под заказ"	"circle"	"obez"	31000	381063	"bintou"	"Индонезия"	"Журнальные столы"	31000	"RUB"
	"Журнальный стол БИНТАУ 381063"	"N"	381063	43	41	45	13		"black"	"Под заказ"	"circle"	"obez"	31000	381063	"bintou"	"Индонезия"	"Кофейные столы"	31000	"RUB"
	"Журнальный стол БИНТАУ 381064"	"N"	381064	45	39	45	13,6		"black"	"Под заказ"	"circle"	"obez"	32000	381064	"bintou"	"Индонезия"	"Журнальные столы"	32000	"RUB"
	"Журнальный стол БИНТАУ 381064"	"N"	381064	45	39	45	13,6		"black"	"Под заказ"	"circle"	"obez"	32000	381064	"bintou"	"Индонезия"	"Кофейные столы"	32000	"RUB"
	"Журнальный стол БИНТАУ 381065"	"N"	381065	44	37	45	11,8		"black"	"Под заказ"	"circle"	"obez"	30000	381065	"bintou"	"Индонезия"	"Журнальные столы"	30000	"RUB"
	"Журнальный стол БИНТАУ 381065"	"N"	381065	44	37	45	11,8		"black"	"Под заказ"	"circle"	"obez"	30000	381065	"bintou"	"Индонезия"	"Кофейные столы"	30000	"RUB"
	"Журнальный стол БИНТАУ 381066"	"N"	381066	49	46	45	16		"black"	"Под заказ"	"circle"	"obez"	35000	381066	"bintou"	"Индонезия"	"Журнальные столы"	35000	"RUB"
	"Журнальный стол БИНТАУ 381067"	"N"	381067	48	44	45	16,5		"black"	"Под заказ"	"circle"	"obez"	35000	381067	"bintou"	"Индонезия"	"Журнальные столы"	35000	"RUB"
	"Журнальный стол БИНТАУ 381068"	"N"	381068	67	60	45	32		"black"	"Под заказ"	"circle"	"obez"	64600	381068	"bintou"	"Индонезия"	"Журнальные столы"	64600	"RUB"
	"Журнальный стол БИНТАУ 381069"	"N"	381069	69	60	45	32		"black"	"Под заказ"	"circle"	"obez"	64600	381069	"bintou"	"Индонезия"	"Журнальные столы"	64600	"RUB"
	"Журнальный стол БИНТАУ 381070"	"N"	381070	67	60	45	32		"black"	"Под заказ"	"circle"	"obez"	64600	381070	"bintou"	"Индонезия"	"Журнальные столы"	64600	"RUB"
	"Журнальный стол БИНТАУ 381071"	"Y"	381071	70	59	45	32		"black"	"В резерве"	"circle"	"obez"	64600	381071	"bintou"	"Индонезия"	"Журнальные столы"	64600	"RUB"
	"Журнальный стол БИНТАУ 381072"	"N"	381072	67	58	45	32		"black"	"Под заказ"	"circle"	"obez"	64600	381072	"bintou"	"Индонезия"	"Журнальные столы"	64600	"RUB"
	"Журнальный стол БИНТАУ 381073"	"N"	381073	69	58	45	31		"black"	"Под заказ"	"circle"	"obez"	62600	381073	"bintou"	"Индонезия"	"Журнальные столы"	62600	"RUB"
	"Журнальный стол БИНТАУ 381074"	"Y"	381074	79	57	45	47		"black"	"В наличии"	"circle"	"obez"	94800	381074	"bintou"	"Индонезия"	"Журнальные столы"	94800	"RUB"
	"Журнальный стол БИНТАУ 381075"	"Y"	381075	77	70	45	54		"black"	"В наличии"	"circle"	"obez"	109000	381075	"bintou"	"Индонезия"	"Журнальные столы"	109000	"RUB"
	"Журнальный стол БИНТАУ 381076"	"Y"	381076	77	73	45	50		"black"	"В наличии"	"circle"	"obez"	100900	381076	"bintou"	"Индонезия"	"Журнальные столы"	100900	"RUB"
	"Журнальный стол БИНТАУ 381077"	"N"	381077	89	71	45	42			"Под заказ"	"circle"	"obez"	84800	381077	"bintou"	"Индонезия"	"Журнальные столы"	84800	"RUB"
	"Журнальный стол БИНТАУ 381078"	"N"	381078	78	63	45	43			"Под заказ"	"circle"	"obez"	86800	381078	"bintou"	"Индонезия"	"Журнальные столы"	86800	"RUB"
	"Журнальный стол БИНТАУ 381079"	"N"	381079	76	63	45	46			"Под заказ"	"circle"	"obez"	92800	381079	"bintou"	"Индонезия"	"Журнальные столы"	92800	"RUB"
	"Журнальный стол БИНТАУ 381080"	"N"	381080	74	72	45	48			"Под заказ"	"circle"	"obez"	96900	381080	"bintou"	"Индонезия"	"Журнальные столы"	96900	"RUB"
	"Журнальный стол БИНТАУ 381081"	"Y"	381081	83	75	45	66		"black"	"В наличии"	"circle"	"obez"	133200	381081	"bintou"	"Индонезия"	"Большие столы"	133200	"RUB"
	"Журнальный стол БИНТАУ 381081"	"Y"	381081	83	75	45	66		"black"	"В наличии"	"circle"	"obez"	133200	381081	"bintou"	"Индонезия"	"Журнальные столы"	133200	"RUB"
	"Журнальный стол БИНТАУ 381082"	"Y"	381082	83	74	45	60		"black"	"В наличии"	"circle"	"obez"	121100	381082	"bintou"	"Индонезия"	"Большие столы"	121100	"RUB"
	"Журнальный стол БИНТАУ 381082"	"Y"	381082	83	74	45	60		"black"	"В наличии"	"circle"	"obez"	121100	381082	"bintou"	"Индонезия"	"Журнальные столы"	121100	"RUB"
	"Журнальный стол БИНТАУ 381083"	"Y"	381083	78	74	45	64		"black"	"В резерве"	"circle"	"obez"	129100	381083	"bintou"	"Индонезия"	"Журнальные столы"	129100	"RUB"
	"Журнальный стол БИНТАУ 381084"	"Y"	381084	82	74	45	65		"black"	"В резерве"	"circle"	"obez"	131200	381084	"bintou"	"Индонезия"	"Большие столы"	131200	"RUB"
	"Журнальный стол БИНТАУ 381084"	"Y"	381084	82	74	45	65		"black"	"В резерве"	"circle"	"obez"	131200	381084	"bintou"	"Индонезия"	"Журнальные столы"	131200	"RUB"
	"Журнальный стол БИНТАУ 381085"	"Y"	381085	83	74	45	56		"black"	"В резерве"	"circle"	"obez"	113000	381085	"bintou"	"Индонезия"	"Большие столы"	113000	"RUB"
	"Журнальный стол БИНТАУ 381085"	"Y"	381085	83	74	45	56		"black"	"В резерве"	"circle"	"obez"	113000	381085	"bintou"	"Индонезия"	"Журнальные столы"	113000	"RUB"
	"Журнальный стол БИНТАУ 381086"	"Y"	381086	82	74	45	54		"black"	"В резерве"	"circle"	"obez"	109000	381086	"bintou"	"Индонезия"	"Большие столы"	109000	"RUB"
	"Журнальный стол БИНТАУ 381086"	"Y"	381086	82	74	45	54		"black"	"В резерве"	"circle"	"obez"	109000	381086	"bintou"	"Индонезия"	"Журнальные столы"	109000	"RUB"
	"Журнальный стол БИНТАУ 381087"	"N"	381087	99	81	45	68		"black"	"Под заказ"	"circle"	"obez"	137200	381087	"bintou"	"Индонезия"	"Большие столы"	137200	"RUB"
	"Журнальный стол БИНТАУ 381087"	"N"	381087	99	81	45	68		"black"	"Под заказ"	"circle"	"obez"	137200	381087	"bintou"	"Индонезия"	"Журнальные столы"	137200	"RUB"
	"Журнальный стол БИНТАУ 381088"	"Y"	381088	105	83	45	67		"black"	"В наличии"	"circle"	"obez"	135200	381088	"bintou"	"Индонезия"	"Большие столы"	135200	"RUB"
	"Журнальный стол БИНТАУ 381088"	"Y"	381088	105	83	45	67		"black"	"В наличии"	"circle"	"obez"	135200	381088	"bintou"	"Индонезия"	"Журнальные столы"	135200	"RUB"
	"Журнальный стол БИНТАУ 381089"	"Y"	381089	98	82	45	67		"black"	"В наличии"	"circle"	"obez"	135200	381089	"bintou"	"Индонезия"	"Большие столы"	135200	"RUB"
	"Журнальный стол БИНТАУ 381089"	"Y"	381089	98	82	45	67		"black"	"В наличии"	"circle"	"obez"	135200	381089	"bintou"	"Индонезия"	"Журнальные столы"	135200	"RUB"
	"Журнальный стол БИНТАУ 381090"	"Y"	381090	107	92	45	76		"black"	"В наличии"	"circle"	"obez"	153400	381090	"bintou"	"Индонезия"	"Большие столы"	153400	"RUB"
	"Журнальный стол БИНТАУ 381090"	"Y"	381090	107	92	45	76		"black"	"В наличии"	"circle"	"obez"	153400	381090	"bintou"	"Индонезия"	"Журнальные столы"	153400	"RUB"
	"Журнальный стол БИНТАУ 381091"	"Y"	381091	100	79	45	66		"black"	"В наличии"	"circle"	"obez"	133200	381091	"bintou"	"Индонезия"	"Большие столы"	133200	"RUB"
	"Журнальный стол БИНТАУ 381091"	"Y"	381091	100	79	45	66		"black"	"В наличии"	"circle"	"obez"	133200	381091	"bintou"	"Индонезия"	"Журнальные столы"	133200	"RUB"
	"Журнальный стол БИНТАУ 381092"	"Y"	381092	109	97	45	76		"black"	"В наличии"	"circle"	"obez"	153400	381092	"bintou"	"Индонезия"	"Большие столы"	153400	"RUB"
	"Журнальный стол БИНТАУ 381092"	"Y"	381092	109	97	45	76		"black"	"В наличии"	"circle"	"obez"	153400	381092	"bintou"	"Индонезия"	"Журнальные столы"	153400	"RUB"
	"Журнальный стол БИНТАУ 381093"	"Y"	381093	100	76	45	65		"black"	"В наличии"	"circle"	"obez"	131200	381093	"bintou"	"Индонезия"	"Большие столы"	131200	"RUB"
	"Журнальный стол БИНТАУ 381093"	"Y"	381093	100	76	45	65		"black"	"В наличии"	"circle"	"obez"	131200	381093	"bintou"	"Индонезия"	"Журнальные столы"	131200	"RUB"
	"Журнальный стол БИНТАУ 381094"	"N"	381094	100	75	45	67			"Под заказ"	"circle"	"obez"	135200	381094	"bintou"	"Индонезия"	"Большие столы"	135200	"RUB"
	"Журнальный стол БИНТАУ 381094"	"N"	381094	100	75	45	67			"Под заказ"	"circle"	"obez"	135200	381094	"bintou"	"Индонезия"	"Журнальные столы"	135200	"RUB"
	"Журнальный стол БИНТАУ 381095"	"Y"	381095	62	61	45	41		"black"	"В наличии"	"square"	"obez"	76800	381095	"bintou"	"Индонезия"	"Журнальные столы"	76800	"RUB"
	"Журнальный стол БИНТАУ 381096"	"Y"	381096	64	63	45	40		"black"	"В наличии"	"square"	"obez"	75000	381096	"bintou"	"Индонезия"	"Журнальные столы"	75000	"RUB"
	"Журнальный стол БИНТАУ 381097"	"Y"	381097	85	84	45	85		"AntiqueWhite"	"В резерве"	"square"	"obez"	159300	381097	"bintou"	"Индонезия"	"Большие столы"	159300	"RUB"
	"Журнальный стол БИНТАУ 381097"	"Y"	381097	85	84	45	85		"AntiqueWhite"	"В резерве"	"square"	"obez"	159300	381097	"bintou"	"Индонезия"	"Журнальные столы"	159300	"RUB"
	"Журнальный стол БИНТАУ 381098"	"Y"	381098	86	80	45	65		"black"	"В наличии"	"square"	"obez"	121800	381098	"bintou"	"Индонезия"	"Большие столы"	121800	"RUB"
	"Журнальный стол БИНТАУ 381098"	"Y"	381098	86	80	45	65		"black"	"В наличии"	"square"	"obez"	121800	381098	"bintou"	"Индонезия"	"Журнальные столы"	121800	"RUB"
	"Журнальный стол БИНТАУ 381099"	"N"	381099	90	60	45	58			"Под заказ"	"rectangular"	"obez"	108700	381099	"bintou"	"Индонезия"	"Журнальные столы"	108700	"RUB"
	"Журнальный стол БИНТАУ 381100"	"Y"	381100	98	62	45	60		"AntiqueWhite"	"В наличии"	"rectangular"	"obez"	112400	381100	"bintou"	"Индонезия"	"Журнальные столы"	112400	"RUB"
	"Журнальный стол БИНТАУ 381101"	"Y"	381101	154	82	45	117		"black"	"В наличии"	"rectangular"	"obez"	250000	381101	"bintou"	"Индонезия"	"Большие столы"	250000	"RUB"
	"Журнальный стол БИНТАУ 381102"	"Y"	381102	118	78	45	100		"black"	"В наличии"	"rectangular"	"obez"	200000	381102	"bintou"	"Индонезия"	"Большие столы"	200000	"RUB"
	"Журнальный стол БИНТАУ 381102"	"Y"	381102	118	78	45	100		"black"	"В наличии"	"rectangular"	"obez"	200000	381102	"bintou"	"Индонезия"	"Журнальные столы"	200000	"RUB"
	"Журнальный стол БИНТАУ 381103"	"N"	381103	122	82	45	84			"Под заказ"	"rectangular"	"obez"	190000	381103	"bintou"	"Индонезия"	"Большие столы"	190000	"RUB"
	"Журнальный стол БИНТАУ 381103"	"N"	381103	122	82	45	84			"Под заказ"	"rectangular"	"obez"	190000	381103	"bintou"	"Индонезия"	"Журнальные столы"	190000	"RUB"
	"Журнальный стол БИНТАУ 381104"	"Y"	381104	103	101	45	100		"black"	"В наличии"	"square"	"obez"	201800	381104	"bintou"	"Индонезия"	"Большие столы"	201800	"RUB"
	"Журнальный стол БИНТАУ 381104"	"Y"	381104	103	101	45	100		"black"	"В наличии"	"square"	"obez"	201800	381104	"bintou"	"Индонезия"	"Журнальные столы"	201800	"RUB"
	"Журнальный стол БИНТАУ 381105"	"N"	381105	107	103	45	95			"Под заказ"	"square"	"obez"	191700	381105	"bintou"	"Индонезия"	"Большие столы"	191700	"RUB"
	"Журнальный стол БИНТАУ 381105"	"N"	381105	107	103	45	95			"Под заказ"	"square"	"obez"	191700	381105	"bintou"	"Индонезия"	"Журнальные столы"	191700	"RUB"
	"Журнальный стол БИНТАУ 381106"	"Y"	381106	126	62	45	80		"AntiqueWhite"	"В наличии"	"rectangular"	"obez"	161400	381106	"bintou"	"Индонезия"	"Большие столы"	161400	"RUB"
	"Журнальный стол БИНТАУ 381106"	"Y"	381106	126	62	45	80		"AntiqueWhite"	"В наличии"	"rectangular"	"obez"	161400	381106	"bintou"	"Индонезия"	"Журнальные столы"	161400	"RUB"
	"Журнальный стол БИНТАУ 381107"	"N"	381107	121	61	45	68			"Под заказ"	"rectangular"	"obez"	137200	381107	"bintou"	"Индонезия"	"Большие столы"	137200	"RUB"
	"Журнальный стол БИНТАУ 381107"	"N"	381107	121	61	45	68			"Под заказ"	"rectangular"	"obez"	137200	381107	"bintou"	"Индонезия"	"Журнальные столы"	137200	"RUB"
	"Журнальный стол БИНТАУ 381108"	"N"	381108	69	59	45	32			"Под заказ"	"circle"	"obez"	64600	381108	"bintou"	"Индонезия"	"Журнальные столы"	64600	"RUB"
	"Журнальный стол БИНТАУ 381109"	"Y"	381109	105	86	45	25		"black"	"В наличии"	"circle"	"obez"	56000	381109	"bintou"	"Индонезия"	"Журнальные столы"	56000	"RUB"
	"Журнальный стол БИНТАУ 381110"	"N"	381110	59	53	45	23			"Под заказ"	"circle"	"obez"	54000	381110	"bintou"	"Индонезия"	"Журнальные столы"	54000	"RUB"
	"Журнальный стол БИНТАУ 381111"	"N"	381111	61	50	45	25			"Под заказ"	"circle"	"obez"	54000	381111	"bintou"	"Индонезия"	"Журнальные столы"	54000	"RUB"
	"Журнальный стол БИНТАУ 381112"	"Y"	381112	78	76	45	49		"black"	"В наличии"	"circle"	"obez"	98900	381112	"bintou"	"Индонезия"	"Журнальные столы"	98900	"RUB"
	"Журнальный стол БИНТАУ 381113"	"N"	381113	71	60	45	39			"Под заказ"	"circle"	"obez"	78700	381113	"bintou"	"Индонезия"	"Журнальные столы"	78700	"RUB"
	"Журнальный стол БИНТАУ 381114"	"Y"	381114	73	67	45	50		"black"	"В наличии"	"circle"	"obez"	100900	381114	"bintou"	"Индонезия"	"Журнальные столы"	100900	"RUB"
	"Журнальный стол БИНТАУ 381115"	"Y"	381115	110	96	45	75		"black"	"В наличии"	"circle"	"obez"	151300	381115	"bintou"	"Индонезия"	"Большие столы"	151300	"RUB"
	"Журнальный стол БИНТАУ 381115"	"Y"	381115	110	96	45	75		"black"	"В наличии"	"circle"	"obez"	151300	381115	"bintou"	"Индонезия"	"Журнальные столы"	151300	"RUB"
	"Журнальный стол БИНТАУ 381116"	"Y"	381116	110	94	45	75		"black"	"В наличии"	"circle"	"obez"	151300	381116	"bintou"	"Индонезия"	"Большие столы"	151300	"RUB"
	"Журнальный стол БИНТАУ 381116"	"Y"	381116	110	94	45	75		"black"	"В наличии"	"circle"	"obez"	151300	381116	"bintou"	"Индонезия"	"Журнальные столы"	151300	"RUB"
	"Журнальный стол БИНТАУ 381117"	"Y"	381117	91	61	45	64		"black"	"В наличии"	"rectangular"	"obez"	119900	381117	"bintou"	"Индонезия"	"Журнальные столы"	119900	"RUB"
	"Журнальный стол БИНТАУ 381118"	"Y"	381118	94	60	45	48		"black"	"В наличии"	"rectangular"	"obez"	93000	381118	"bintou"	"Индонезия"	"Журнальные столы"	93000	"RUB"
	"Журнальный стол БИНТАУ 381119"	"Y"	381119	94	61	45	52		"AntiqueWhite"	"В наличии"	"rectangular"	"obez"	98000	381119	"bintou"	"Индонезия"	"Журнальные столы"	98000	"RUB"
	"Журнальный стол БИНТАУ 381120"	"Y"	381120	122	85	45	100		"black"	"В резерве"	"rectangular"	"obez"	201800	381120	"bintou"	"Индонезия"	"Большие столы"	201800	"RUB"
	"Журнальный стол БИНТАУ 381120"	"Y"	381120	122	85	45	100		"black"	"В резерве"	"rectangular"	"obez"	201800	381120	"bintou"	"Индонезия"	"Журнальные столы"	201800	"RUB"
	"Журнальный стол БИНТАУ 381123"	"Y"	381123	80	80	45	53		"AntiqueWhite"	"В резерве"	"square"	"obez"	119000	381123	"bintou"	"Индонезия"	"Большие столы"	119000	"RUB"
	"Журнальный стол БИНТАУ 381123"	"Y"	381123	80	80	45	53		"AntiqueWhite"	"В резерве"	"square"	"obez"	119000	381123	"bintou"	"Индонезия"	"Журнальные столы"	119000	"RUB"
	"Журнальный стол БИНТАУ 381125"	"Y"	381125	159	85	45	139		"black"	"В наличии"	"rectangular"	"obez"	280000	381125	"bintou"	"Индонезия"	"Большие столы"	280000	"RUB"
	"Журнальный стол БИНТАУ 381126"	"Y"	381126	124	66	45	66		"black"	"В наличии"	"rectangular"	"obez"	133200	381126	"bintou"	"Индонезия"	"Большие столы"	133200	"RUB"
	"Журнальный стол БИНТАУ 381126"	"Y"	381126	124	66	45	66		"black"	"В наличии"	"rectangular"	"obez"	133200	381126	"bintou"	"Индонезия"	"Журнальные столы"	133200	"RUB"
	"Журнальный стол БИНТАУ 381127"	"Y"	381127	124	66	45	80		"black"	"В наличии"	"rectangular"	"obez"	161400	381127	"bintou"	"Индонезия"	"Большие столы"	161400	"RUB"
	"Журнальный стол БИНТАУ 381127"	"Y"	381127	124	66	45	80		"black"	"В наличии"	"rectangular"	"obez"	161400	381127	"bintou"	"Индонезия"	"Журнальные столы"	161400	"RUB"
	"Журнальный стол ПАЛИАТ 381128"	"Y"	381128	87	65	45	58		"AntiqueWhite"	"В резерве"	"circle"	"nature"	117000	381128	"pelit"	"Индонезия"	"Большие столы"	117000	"RUB"
	"Журнальный стол ПАЛИАТ 381128"	"Y"	381128	87	65	45	58		"AntiqueWhite"	"В резерве"	"circle"	"nature"	117000	381128	"pelit"	"Индонезия"	"Журнальные столы"	117000	"RUB"
	"Журнальный стол СОЛАР 381362"	"Y"	381362	60	60	45	36		"black"	"В наличии"	"square"	"nature_pol"	72600	381362	"solar"	"Индонезия"	"Журнальные столы"	72600	"RUB"
	"Журнальный стол СОЛАР 381363"	"Y"	381363	60	60	45	35		"black"	"В наличии"	"square"	"nature_pol"	70600	381363	"solar"	"Индонезия"	"Журнальные столы"	70600	"RUB"
	"Журнальный стол СОЛАР 381364"	"Y"	381364	60	60	45	39		"black"	"В наличии"	"square"	"nature_pol"	78700	381364	"solar"	"Индонезия"	"Журнальные столы"	78700	"RUB"
	"Журнальный стол СОЛАР 381365"	"Y"	381365	60	60	45	40		"black"	"В наличии"	"square"	"nature_pol"	80700	381365	"solar"	"Индонезия"	"Журнальные столы"	80700	"RUB"
	"Журнальный стол СОЛАР 381366"	"N"	381366	80	80	45	63		"black"	"Под заказ"	"square"	"nature_pol"	127100	381366	"solar"	"Индонезия"	"Большие столы"	127100	"RUB"
	"Журнальный стол СОЛАР 381366"	"N"	381366	80	80	45	63		"black"	"Под заказ"	"square"	"nature_pol"	127100	381366	"solar"	"Индонезия"	"Журнальные столы"	127100	"RUB"
	"Журнальный стол СОЛАР 381367"	"Y"	381367	80	80	45	67		"black"	"В наличии"	"square"	"nature_pol"	135200	381367	"solar"	"Индонезия"	"Большие столы"	135200	"RUB"
	"Журнальный стол СОЛАР 381367"	"Y"	381367	80	80	45	67		"black"	"В наличии"	"square"	"nature_pol"	135200	381367	"solar"	"Индонезия"	"Журнальные столы"	135200	"RUB"
	"Журнальный стол СОЛАР 381368"	"Y"	381368	80	80	45	69		"black"	"В наличии"	"square"	"nature_pol"	139200	381368	"solar"	"Индонезия"	"Большие столы"	139200	"RUB"
	"Журнальный стол СОЛАР 381368"	"Y"	381368	80	80	45	69		"black"	"В наличии"	"square"	"nature_pol"	139200	381368	"solar"	"Индонезия"	"Журнальные столы"	139200	"RUB"
	"Журнальный стол СОЛАР 381369"	"Y"	381369	80	80	45	62		"black"	"В наличии"	"square"	"nature_pol"	125100	381369	"solar"	"Индонезия"	"Большие столы"	125100	"RUB"
	"Журнальный стол СОЛАР 381369"	"Y"	381369	80	80	45	62		"black"	"В наличии"	"square"	"nature_pol"	125100	381369	"solar"	"Индонезия"	"Журнальные столы"	125100	"RUB"
	"Журнальный стол СОЛАР 381370"	"Y"	381370	80	80	45	62		"black"	"В наличии"	"square"	"nature_pol"	125100	381370	"solar"	"Индонезия"	"Большие столы"	125100	"RUB"
	"Журнальный стол СОЛАР 381370"	"Y"	381370	80	80	45	62		"black"	"В наличии"	"square"	"nature_pol"	125100	381370	"solar"	"Индонезия"	"Журнальные столы"	125100	"RUB"
	"Журнальный стол СОЛАР 381371"	"Y"	381371	60	90	45	65		"black"	"В наличии"	"rectangular"	"nature_pol"	131200	381371	"solar"	"Индонезия"	"Журнальные столы"	131200	"RUB"
	"Журнальный стол СОЛАР 381372"	"Y"	381372	60	90	45	64		"black"	"В наличии"	"rectangular"	"nature_pol"	129100	381372	"solar"	"Индонезия"	"Журнальные столы"	129100	"RUB"
	"Журнальный стол СОЛАР 381373"	"Y"	381373	60	90	45	60		"black"	"В наличии"	"rectangular"	"nature_pol"	121100	381373	"solar"	"Индонезия"	"Журнальные столы"	121100	"RUB"
	"Журнальный стол СОЛАР 381374"	"Y"	381374	60	90	45	58		"black"	"В наличии"	"rectangular"	"nature_pol"	117000	381374	"solar"	"Индонезия"	"Журнальные столы"	117000	"RUB"
	"Журнальный стол СОЛАР 381375"	"Y"	381375	60	90	45	52		"black"	"В наличии"	"rectangular"	"nature_pol"	104900	381375	"solar"	"Индонезия"	"Журнальные столы"	104900	"RUB"
	"Журнальный стол СОЛАР 381376"	"Y"	381376	150	80	45	130		"black"	"В резерве"	"rectangular"	"nature_pol"	262300	381376	"solar"	"Индонезия"	"Большие столы"	262300	"RUB"
	"Журнальный стол СОЛАР 381377"	"Y"	381377	150	80	45	130		"black"	"В резерве"	"rectangular"	"nature_pol"	262300	381377	"solar"	"Индонезия"	"Большие столы"	262300	"RUB"
	"Журнальный стол СОЛАР 381378"	"Y"	381378	120	80	45	110		"black"	"В наличии"	"rectangular"	"nature_pol"	222000	381378	"solar"	"Индонезия"	"Большие столы"	222000	"RUB"
	"Журнальный стол СОЛАР 381378"	"Y"	381378	120	80	45	110		"black"	"В наличии"	"rectangular"	"nature_pol"	222000	381378	"solar"	"Индонезия"	"Журнальные столы"	222000	"RUB"
	"Журнальный стол СОЛАР 381379"	"Y"	381379	105	101	45	103		"black"	"В наличии"	"square"	"nature_pol"	207900	381379	"solar"	"Индонезия"	"Большие столы"	207900	"RUB"
	"Журнальный стол СОЛАР 381379"	"Y"	381379	105	101	45	103		"black"	"В наличии"	"square"	"nature_pol"	207900	381379	"solar"	"Индонезия"	"Журнальные столы"	207900	"RUB"
	"Журнальный стол СОЛАР 381380"	"Y"	381380	105	101	45	101		"black"	"В наличии"	"square"	"nature_pol"	203800	381380	"solar"	"Индонезия"	"Большие столы"	203800	"RUB"
	"Журнальный стол СОЛАР 381380"	"Y"	381380	105	101	45	101		"black"	"В наличии"	"square"	"nature_pol"	203800	381380	"solar"	"Индонезия"	"Журнальные столы"	203800	"RUB"
	"Журнальный стол СОЛАР 381381"	"N"	381381	100	100	45	110		"black"	"Под заказ"	"square"	"nature_pol"	222000	381381	"solar"	"Индонезия"	"Большие столы"	222000	"RUB"
	"Журнальный стол СОЛАР 381381"	"N"	381381	100	100	45	110		"black"	"Под заказ"	"square"	"nature_pol"	222000	381381	"solar"	"Индонезия"	"Журнальные столы"	222000	"RUB"
	"Журнальный стол СОЛАР 381382"	"Y"	381382	120	60	45	71		"black"	"В наличии"	"rectangular"	"nature_pol"	143300	381382	"solar"	"Индонезия"	"Большие столы"	143300	"RUB"
	"Журнальный стол СОЛАР 381382"	"Y"	381382	120	60	45	71		"black"	"В наличии"	"rectangular"	"nature_pol"	143300	381382	"solar"	"Индонезия"	"Журнальные столы"	143300	"RUB"
	"Журнальный стол СОЛАР 381383"	"N"	381383	120	60	45	71		"black"	"Под заказ"	"rectangular"	"nature_pol"	143300	381383	"solar"	"Индонезия"	"Большие столы"	143300	"RUB"
	"Журнальный стол СОЛАР 381383"	"N"	381383	120	60	45	71		"black"	"Под заказ"	"rectangular"	"nature_pol"	143300	381383	"solar"	"Индонезия"	"Журнальные столы"	143300	"RUB"
	"Журнальный стол СОЛАР 381384"	"N"	381384	120	60	45	65		"black"	"Под заказ"	"rectangular"	"nature_pol"	131200	381384	"solar"	"Индонезия"	"Большие столы"	131200	"RUB"
	"Журнальный стол СОЛАР 381384"	"N"	381384	120	60	45	65		"black"	"Под заказ"	"rectangular"	"nature_pol"	131200	381384	"solar"	"Индонезия"	"Журнальные столы"	131200	"RUB"
	"Журнальный стол СОЛАР 381385"	"Y"	381385	60	60	45	41		"black"	"В наличии"	"square"	"nature_pol"	82700	381385	"solar"	"Индонезия"	"Журнальные столы"	82700	"RUB"
	"Журнальный стол СОЛАР 381386"	"Y"	381386	81	80	45	71		"black"	"В наличии"	"square"	"nature_pol"	143300	381386	"solar"	"Индонезия"	"Большие столы"	143300	"RUB"
	"Журнальный стол СОЛАР 381386"	"Y"	381386	81	80	45	71		"black"	"В наличии"	"square"	"nature_pol"	143300	381386	"solar"	"Индонезия"	"Журнальные столы"	143300	"RUB"
	"Журнальный стол СОЛАР 381387"	"Y"	381387	60	90	45	58		"black"	"В наличии"	"rectangular"	"nature_pol"	117000	381387	"solar"	"Индонезия"	"Журнальные столы"	117000	"RUB"
	"Журнальный стол СОЛАР 381388"	"Y"	381388	60	90	45	63		"black"	"В наличии"	"rectangular"	"nature_pol"	127100	381388	"solar"	"Индонезия"	"Журнальные столы"	127100	"RUB"
	"Журнальный стол СОЛАР 381389"	"Y"	381389	100	100	45	106		"black"	"В наличии"	"square"	"nature_pol"	213900	381389	"solar"	"Индонезия"	"Большие столы"	213900	"RUB"
	"Журнальный стол СОЛАР 381389"	"Y"	381389	100	100	45	106		"black"	"В наличии"	"square"	"nature_pol"	213900	381389	"solar"	"Индонезия"	"Журнальные столы"	213900	"RUB"
	"Журнальный стол СОЛАР 381390"	"Y"	381390	120	60	45	75		"black"	"В наличии"	"rectangular"	"nature_pol"	151300	381390	"solar"	"Индонезия"	"Большие столы"	151300	"RUB"
	"Журнальный стол СОЛАР 381390"	"Y"	381390	120	60	45	75		"black"	"В наличии"	"rectangular"	"nature_pol"	151300	381390	"solar"	"Индонезия"	"Журнальные столы"	151300	"RUB"
	"Журнальный стол СОЛАР 381391"	"Y"	381391	80	80	45	60		"black"	"В наличии"	"square"	"nature_pol"	121100	381391	"solar"	"Индонезия"	"Большие столы"	121100	"RUB"
	"Журнальный стол СОЛАР 381391"	"Y"	381391	80	80	45	60		"black"	"В наличии"	"square"	"nature_pol"	121100	381391	"solar"	"Индонезия"	"Журнальные столы"	121100	"RUB"
	"Журнальный стол СОЛАР 381392"	"Y"	381392	120	80	45	106		"black"	"В наличии"	"rectangular"	"nature_pol"	213900	381392	"solar"	"Индонезия"	"Большие столы"	213900	"RUB"
	"Журнальный стол СОЛАР 381392"	"Y"	381392	120	80	45	106		"black"	"В наличии"	"rectangular"	"nature_pol"	213900	381392	"solar"	"Индонезия"	"Журнальные столы"	213900	"RUB"
	"Журнальный стол БОРНЕО 381514"	"N"	381514	40	40	45	9			"Под заказ"	"circle"	"mosaic"	34600	381514	"borneo"	"Индонезия"	"Журнальные столы"	34600	"RUB"
	"Журнальный стол БОРНЕО 381514"	"N"	381514	40	40	45	9			"Под заказ"	"circle"	"mosaic"	34600	381514	"borneo"	"Индонезия"	"Кофейные столы"	34600	"RUB"
	"Журнальный стол БОРНЕО 381515"	"Y"	381515	60	60	45	20			"В наличии"	"circle"	"mosaic"	77800	381515	"borneo"	"Индонезия"	"Журнальные столы"	77800	"RUB"
	"Журнальный стол БОРНЕО 381516"	"N"	381516	60	60	45	20			"Под заказ"	"circle"	"mosaic"	77800	381516	"borneo"	"Индонезия"	"Журнальные столы"	77800	"RUB"
	"Журнальный стол БОРНЕО 381518"	"Y"	381518	80	80	45	28		"AntiqueWhite"	"В наличии"	"circle"	"mosaic"	138400	381518	"borneo"	"Индонезия"	"Большие столы"	138400	"RUB"
	"Журнальный стол БОРНЕО 381518"	"Y"	381518	80	80	45	28		"AntiqueWhite"	"В наличии"	"circle"	"mosaic"	138400	381518	"borneo"	"Индонезия"	"Журнальные столы"	138400	"RUB"
	"Журнальный стол БОРНЕО 381519"	"Y"	381519	90	90	45	35		"AntiqueWhite"	"В наличии"	"circle"	"mosaic"	138400	381519	"borneo"	"Индонезия"	"Большие столы"	138400	"RUB"
	"Журнальный стол БОРНЕО 381519"	"Y"	381519	90	90	45	35		"AntiqueWhite"	"В наличии"	"circle"	"mosaic"	138400	381519	"borneo"	"Индонезия"	"Журнальные столы"	138400	"RUB"
	"Журнальный стол БОРНЕО 381520"	"Y"	381520	90	90	45	35		"AntiqueWhite"	"В наличии"	"circle"	"mosaic"	175100	381520	"borneo"	"Индонезия"	"Большие столы"	175100	"RUB"
	"Журнальный стол БОРНЕО 381520"	"Y"	381520	90	90	45	35		"AntiqueWhite"	"В наличии"	"circle"	"mosaic"	175100	381520	"borneo"	"Индонезия"	"Журнальные столы"	175100	"RUB"
	"Журнальный стол БОРНЕО 381521"	"Y"	381521	60	90	45	24		"AntiqueWhite"	"В резерве"	"rectangular"	"mosaic"	175100	381521	"borneo"	"Индонезия"	"Журнальные столы"	175100	"RUB"
	"Журнальный стол БОРНЕО 381522"	"N"	381522	40	40	45	9			"Под заказ"	"circle"	"mosaic"	116800	381522	"borneo"	"Индонезия"	"Журнальные столы"	116800	"RUB"
	"Журнальный стол БОРНЕО 381522"	"N"	381522	40	40	45	9			"Под заказ"	"circle"	"mosaic"	116800	381522	"borneo"	"Индонезия"	"Кофейные столы"	116800	"RUB"
	"Журнальный стол БОРНЕО 381523"	"Y"	381523	60	60	45	20		"black"	"В наличии"	"circle"	"mosaic"	77800	381523	"borneo"	"Индонезия"	"Журнальные столы"	77800	"RUB"
	"Журнальный стол БОРНЕО 381524"	"Y"	381524	60	60	45	20		"black"	"В резерве"	"circle"	"mosaic"	77800	381524	"borneo"	"Индонезия"	"Журнальные столы"	77800	"RUB"
	"Журнальный стол БОРНЕО 381525"	"Y"	381525	70	70	45	22		"black"	"В наличии"	"circle"	"mosaic"	105900	381525	"borneo"	"Индонезия"	"Журнальные столы"	105900	"RUB"
	"Журнальный стол БОРНЕО 381526"	"Y"	381526	80	80	45	28		"black"	"В наличии"	"circle"	"mosaic"	138400	381526	"borneo"	"Индонезия"	"Большие столы"	138400	"RUB"
	"Журнальный стол БОРНЕО 381526"	"Y"	381526	80	80	45	28		"black"	"В наличии"	"circle"	"mosaic"	138400	381526	"borneo"	"Индонезия"	"Журнальные столы"	138400	"RUB"
	"Журнальный стол БОРНЕО 381527"	"Y"	381527	90	90	45	35		"black"	"В наличии"	"circle"	"mosaic"	175100	381527	"borneo"	"Индонезия"	"Большие столы"	175100	"RUB"
	"Журнальный стол БОРНЕО 381527"	"Y"	381527	90	90	45	35		"black"	"В наличии"	"circle"	"mosaic"	175100	381527	"borneo"	"Индонезия"	"Журнальные столы"	175100	"RUB"
	"Журнальный стол БОРНЕО 381528"	"N"	381528	90	90	45	35			"Под заказ"	"circle"	"mosaic"	175100	381528	"borneo"	"Индонезия"	"Большие столы"	175100	"RUB"
	"Журнальный стол БОРНЕО 381528"	"N"	381528	90	90	45	35			"Под заказ"	"circle"	"mosaic"	175100	381528	"borneo"	"Индонезия"	"Журнальные столы"	175100	"RUB"
	"Журнальный стол БОРНЕО 381529"	"Y"	381529	100	100	45	45		"AntiqueWhite"	"В наличии"	"circle"	"mosaic"	216200	381529	"borneo"	"Индонезия"	"Большие столы"	216200	"RUB"
	"Журнальный стол БОРНЕО 381529"	"Y"	381529	100	100	45	45		"AntiqueWhite"	"В наличии"	"circle"	"mosaic"	216200	381529	"borneo"	"Индонезия"	"Журнальные столы"	216200	"RUB"
	"Журнальный стол БОРНЕО 381530"	"Y"	381530	110	110	45	55		"AntiqueWhite"	"В наличии"	"circle"	"mosaic"	261600	381530	"borneo"	"Индонезия"	"Большие столы"	261600	"RUB"
	"Журнальный стол БОРНЕО 381530"	"Y"	381530	110	110	45	55		"AntiqueWhite"	"В наличии"	"circle"	"mosaic"	261600	381530	"borneo"	"Индонезия"	"Журнальные столы"	261600	"RUB"
	"Журнальный стол БОРНЕО 381531"	"N"	381531	60	60	45	25			"Под заказ"	"square"	"mosaic"	77800	381531	"borneo"	"Индонезия"	"Журнальные столы"	77800	"RUB"
	"Журнальный стол БОРНЕО 381532"	"Y"	381532	80	80	45	45		"AntiqueWhite"	"В наличии"	"square"	"mosaic"	138400	381532	"borneo"	"Индонезия"	"Большие столы"	138400	"RUB"
	"Журнальный стол БОРНЕО 381532"	"Y"	381532	80	80	45	45		"AntiqueWhite"	"В наличии"	"square"	"mosaic"	138400	381532	"borneo"	"Индонезия"	"Журнальные столы"	138400	"RUB"
	"Журнальный стол БОРНЕО 381533"	"N"	381533	60	90	45	24			"Под заказ"	"rectangular"	"mosaic"	116800	381533	"borneo"	"Индонезия"	"Журнальные столы"	116800	"RUB"
	"Журнальный стол БОРНЕО 381534"	"Y"	381534	80	80	45	28		"black"	"В резерве"	"circle"	"mosaic"	138400	381534	"borneo"	"Индонезия"	"Большие столы"	138400	"RUB"
	"Журнальный стол БОРНЕО 381534"	"Y"	381534	80	80	45	28		"black"	"В резерве"	"circle"	"mosaic"	138400	381534	"borneo"	"Индонезия"	"Журнальные столы"	138400	"RUB"
	"Журнальный стол БОРНЕО 381535"	"Y"	381535	80	80	45	45		"AntiqueWhite"	"В наличии"	"square"	"mosaic"	138400	381535	"borneo"	"Индонезия"	"Большие столы"	138400	"RUB"
	"Журнальный стол БОРНЕО 381535"	"Y"	381535	80	80	45	45		"AntiqueWhite"	"В наличии"	"square"	"mosaic"	138400	381535	"borneo"	"Индонезия"	"Журнальные столы"	138400	"RUB"
	"Кофейный столик ТАЛАНГО 381814"	"Y"	381814	30	30	45	9,4		"AntiqueWhite"	"В резерве"	"square"	"nature_pol"	20000	381814		"Индонезия"	"Кофейные столы"	20000	"RUB"
	"Кофейный столик ТАЛАНГО 381815"	"Y"	381815	30	30	45	9,4		"AntiqueWhite"	"В резерве"	"square"	"nature_pol"	20000	381815		"Индонезия"	"Кофейные столы"	20000	"RUB"
	"Кофейный столик ТАЛАНГО 381816"	"Y"	381816	30	30	45	9		"AntiqueWhite"	"В резерве"	"square"	"nature_pol"	20000	381816		"Индонезия"	"Кофейные столы"	20000	"RUB"
	"Кофейный столик ТАЛАНГО 381817"	"N"	381817	30	30	45	9,3		"AntiqueWhite"	"Под заказ"	"square"	"nature_pol"	20000	381817		"Индонезия"	"Кофейные столы"	20000	"RUB"
	"Кофейный столик ТАЛАНГО 381818"	"Y"	381818	30	30	45	9		"AntiqueWhite"	"В резерве"	"square"	"nature_pol"	20000	381818		"Индонезия"	"Кофейные столы"	20000	"RUB"
	"Кофейный столик ТАЛАНГО 381819"	"Y"	381819	30	30	45	9		"AntiqueWhite"	"В резерве"	"square"	"nature_pol"	20000	381819		"Индонезия"	"Кофейные столы"	20000	"RUB"
	"Кофейный столик ТАЛАНГО 381820"	"Y"	381820	30	30	45	9,4		"AntiqueWhite"	"В резерве"	"square"	"nature_pol"	20000	381820		"Индонезия"	"Кофейные столы"	20000	"RUB"
	"Кофейный столик ТАЛАНГО 381821"	"Y"	381821	30	30	45	9		"AntiqueWhite"	"В резерве"	"square"	"nature_pol"	20000	381821		"Индонезия"	"Кофейные столы"	20000	"RUB"
	"Кофейный столик ТАЛАНГО 381822"	"Y"	381822	30	30	45	7,8		"AntiqueWhite"	"В наличии"	"square"	"nature_pol"	20000	381822		"Индонезия"	"Кофейные столы"	20000	"RUB"
	"Кофейный столик ТАЛАНГО 381823"	"Y"	381823	30	30	45	7		"AntiqueWhite"	"В наличии"	"square"	"nature_pol"	20000	381823		"Индонезия"	"Кофейные столы"	20000	"RUB"
	"Кофейный столик ТАЛАНГО 381824"	"Y"	381824	30	30	45	8		"AntiqueWhite"	"В наличии"	"square"	"nature_pol"	20000	381824		"Индонезия"	"Кофейные столы"	20000	"RUB"
	"Кофейный столик ТАЛАНГО 381825"	"Y"	381825	30	30	45	7,6		"AntiqueWhite"	"В наличии"	"square"	"nature_pol"	20000	381825		"Индонезия"	"Кофейные столы"	20000	"RUB"
	"Кофейный столик ТАЛАНГО 381826"	"Y"	381826	30	30	45	8,1		"black"	"В наличии"	"square"	"nature_pol"	20000	381826		"Индонезия"	"Кофейные столы"	20000	"RUB"
	"Кофейный столик ТАЛАНГО 381827"	"Y"	381827	30	30	45	7,7		"black"	"В наличии"	"square"	"nature_pol"	20000	381827		"Индонезия"	"Кофейные столы"	20000	"RUB"
	"Кофейный столик ТАЛАНГО 381828"	"Y"	381828	30	30	45	9		"black"	"В наличии"	"square"	"nature_pol"	20000	381828		"Индонезия"	"Кофейные столы"	20000	"RUB"
	"Кофейный столик ТАЛАНГО 381829"	"Y"	381829	30	30	45	7,6		"black"	"В наличии"	"square"	"nature_pol"	20000	381829		"Индонезия"	"Кофейные столы"	20000	"RUB"
	"Кофейный столик ТАЛАНГО 381830"	"Y"	381830	30	30	45	9		"black"	"В наличии"	"square"	"nature_pol"	20000	381830		"Индонезия"	"Кофейные столы"	20000	"RUB"
	"Кофейный столик ТАЛАНГО 381831"	"Y"	381831	30	30	45	9		"black"	"В наличии"	"square"	"nature_pol"	20000	381831		"Индонезия"	"Кофейные столы"	20000	"RUB"
	"Кофейный столик ТАЛАНГО 381832"	"Y"	381832	30	30	45	7,5		"black"	"В наличии"	"square"	"nature_pol"	20000	381832		"Индонезия"	"Кофейные столы"	20000	"RUB"
	"Кофейный столик ТАЛАНГО 381833"	"Y"	381833	30	30	45	7,2		"black"	"В наличии"	"square"	"nature_pol"	20000	381833		"Индонезия"	"Кофейные столы"	20000	"RUB"
	"Кофейный столик ТАЛАНГО 381834"	"Y"	381834	30	30	45	8,8		"black"	"В наличии"	"square"	"nature_pol"	20000	381834		"Индонезия"	"Кофейные столы"	20000	"RUB"
	"Кофейный столик ТАЛАНГО 381835"	"Y"	381835	30	30	45	9		"black"	"В наличии"	"square"	"nature_pol"	20000	381835		"Индонезия"	"Кофейные столы"	20000	"RUB"
	"Кофейный столик ТАЛАНГО 381836"	"Y"	381836	30	30	45	9,2		"black"	"В резерве"	"square"	"nature_pol"	20000	381836		"Индонезия"	"Кофейные столы"	20000	"RUB"
	"Кофейный столик ТАЛАНГО 381837"	"Y"	381837	30	30	45	8,8		"black"	"В резерве"	"square"	"nature_pol"	20000	381837		"Индонезия"	"Кофейные столы"	20000	"RUB"
	"Кофейный столик ТАЛАНГО 381838"	"Y"	381838	30	30	45	9,4		"black"	"В резерве"	"square"	"nature_pol"	20000	381838		"Индонезия"	"Кофейные столы"	20000	"RUB"
	"Кофейный столик ТАЛАНГО 381839"	"Y"	381839	30	30	45	7,5		"black"	"В наличии"	"square"	"nature_pol"	20000	381839		"Индонезия"	"Кофейные столы"	20000	"RUB"
	"Кофейный столик ТАЛАНГО 381840"	"Y"	381840	30	30	45	8,6		"black"	"В резерве"	"square"	"nature_pol"	20000	381840		"Индонезия"	"Кофейные столы"	20000	"RUB"
	"Кофейный столик ТАЛАНГО 381841"	"Y"	381841	30	30	45	7,7		"black"	"В наличии"	"square"	"nature_pol"	20000	381841		"Индонезия"	"Кофейные столы"	20000	"RUB"
	"Кофейный столик ТАЛАНГО 381842"	"Y"	381842	30	30	45	8,8		"black"	"В наличии"	"square"	"nature_pol"	20000	381842		"Индонезия"	"Кофейные столы"	20000	"RUB"
	"Кофейный столик ТАЛАНГО 381843"	"Y"	381843	30	30	45	9,1		"black"	"В наличии"	"square"	"nature_pol"	20000	381843		"Индонезия"	"Кофейные столы"	20000	"RUB"
	"Кофейный столик ТАЛАНГО 381844"	"Y"	381844	30	30	45	8,8		"black"	"В наличии"	"square"	"nature_pol"	20000	381844		"Индонезия"	"Кофейные столы"	20000	"RUB"
	"Кофейный столик ТАЛАНГО 381845"	"N"	381845	30	30	45	9,2		"AntiqueWhite"	"Под заказ"	"square"	"nature_pol"	20000	381845		"Индонезия"	"Кофейные столы"	20000	"RUB"
	"Кофейный столик ТАЛАНГО 381846"	"N"	381846	30	30	45	8,5		"AntiqueWhite"	"Под заказ"	"square"	"nature_pol"	20000	381846		"Индонезия"	"Кофейные столы"	20000	"RUB"
	"Кофейный столик ТАЛАНГО 381847"	"N"	381847	30	30	45	8,7		"AntiqueWhite"	"Под заказ"	"square"	"nature_pol"	20000	381847		"Индонезия"	"Кофейные столы"	20000	"RUB"
	"Кофейный столик ТАЛАНГО 381848"	"Y"	381848	30	30	45	10,2		"AntiqueWhite"	"В наличии"	"square"	"nature_pol"	20000	381848		"Индонезия"	"Кофейные столы"	20000	"RUB"
	"Кофейный столик ТАЛАНГО 381849"	"N"	381849	30	30	45	9,9		"AntiqueWhite"	"Под заказ"	"square"	"nature_pol"	20000	381849		"Индонезия"	"Кофейные столы"	20000	"RUB"
	"Кофейный столик ТАЛАНГО 381850"	"Y"	381850	30	30	45	8		"black"	"В наличии"	"square"	"nature_pol"	20000	381850		"Индонезия"	"Кофейные столы"	20000	"RUB"
	"Кофейный столик ТАЛАНГО 381851"	"Y"	381851	30	30	45	7,1		"black"	"В наличии"	"square"	"nature_pol"	20000	381851		"Индонезия"	"Кофейные столы"	20000	"RUB"
	"Кофейный столик ТАЛАНГО 381852"	"Y"	381852	30	30	45	7,2		"black"	"В наличии"	"square"	"nature_pol"	20000	381852		"Индонезия"	"Кофейные столы"	20000	"RUB"
	"Кофейный столик ТАЛАНГО 381853"	"Y"	381853	30	30	45	7		"black"	"В наличии"	"square"	"nature_pol"	20000	381853		"Индонезия"	"Кофейные столы"	20000	"RUB"
	"Кофейный столик ТАЛАНГО 381854"	"Y"	381854	30	30	45	7,3		"black"	"В наличии"	"square"	"nature_pol"	20000	381854		"Индонезия"	"Кофейные столы"	20000	"RUB"
	"Кофейный столик ТАЛАНГО 381855"	"Y"	381855	30	30	45	9,2		"black"	"В наличии"	"square"	"nature_pol"	20000	381855		"Индонезия"	"Кофейные столы"	20000	"RUB"
	"Кофейный столик ТАЛАНГО 381856"	"Y"	381856	30	30	45	7		"black"	"В наличии"	"square"	"nature_pol"	20000	381856		"Индонезия"	"Кофейные столы"	20000	"RUB"
	"Кофейный столик ТАЛАНГО 381857"	"Y"	381857	30	30	45	8,8		"black"	"В наличии"	"square"	"nature_pol"	20000	381857		"Индонезия"	"Кофейные столы"	20000	"RUB"
	"Кофейный столик ТАЛАНГО 381858"	"Y"	381858	30	30	45	7,3		"black"	"В наличии"	"square"	"nature_pol"	20000	381858		"Индонезия"	"Кофейные столы"	20000	"RUB"
	"Кофейный столик ТАЛАНГО 381859"	"Y"	381859	30	30	45	9		"black"	"В наличии"	"square"	"nature_pol"	20000	381859		"Индонезия"	"Кофейные столы"	20000	"RUB"
	"Кофейный столик ТАЛАНГО 381860"	"Y"	381860	30	30	45	8,5		"black"	"В наличии"	"square"	"nature_pol"	20000	381860		"Индонезия"	"Кофейные столы"	20000	"RUB"
	"Кофейный столик ТАЛАНГО 381861"	"Y"	381861	30	30	45	7,1		"black"	"В наличии"	"square"	"nature_pol"	20000	381861		"Индонезия"	"Кофейные столы"	20000	"RUB"
	"Кофейный столик ТАЛАНГО 381862"	"Y"	381862	30	30	45	10,2		"AntiqueWhite"	"В наличии"	"square"	"nature_pol"	20000	381862		"Индонезия"	"Кофейные столы"	20000	"RUB"
	"Кофейный столик ТАЛАНГО 381863"	"Y"	381863	30	30	45	10		"AntiqueWhite"	"В резерве"	"square"	"nature_pol"	20000	381863		"Индонезия"	"Кофейные столы"	20000	"RUB"
	"Кофейный столик ТАЛАНГО 381864"	"N"	381864	30	30	45	10		"AntiqueWhite"	"Под заказ"	"square"	"nature_pol"	20000	381864		"Индонезия"	"Кофейные столы"	20000	"RUB"
	"Кофейный столик ТАЛАНГО 381865"	"Y"	381865	30	30	45	9,1		"AntiqueWhite"	"В наличии"	"square"	"nature_pol"	20000	381865		"Индонезия"	"Кофейные столы"	20000	"RUB"
	"Кофейный столик ТАЛАНГО 381866"	"Y"	381866	30	30	45	10		"AntiqueWhite"	"В резерве"	"square"	"nature_pol"	20000	381866		"Индонезия"	"Кофейные столы"	20000	"RUB"
	"Кофейный столик ТАЛАНГО 381867"	"Y"	381867	30	30	45	8,9		"AntiqueWhite"	"В наличии"	"square"	"nature_pol"	20000	381867		"Индонезия"	"Кофейные столы"	20000	"RUB"
	"Кофейный столик ТАЛАНГО 381868"	"Y"	381868	30	30	45	7,7		"black"	"В наличии"	"square"	"nature_pol"	20000	381868		"Индонезия"	"Кофейные столы"	20000	"RUB"
	"Кофейный столик ТАЛАНГО 381869"	"Y"	381869	30	30	45	8,7		"black"	"В наличии"	"square"	"nature_pol"	20000	381869		"Индонезия"	"Кофейные столы"	20000	"RUB"
	"Кофейный столик ТАЛАНГО 381870"	"Y"	381870	30	30	45	7,9		"black"	"В наличии"	"square"	"nature_pol"	20000	381870		"Индонезия"	"Кофейные столы"	20000	"RUB"
	"Кофейный столик ТАЛАНГО 381871"	"Y"	381871	30	30	45	7,6		"black"	"В наличии"	"square"	"nature_pol"	20000	381871		"Индонезия"	"Кофейные столы"	20000	"RUB"
	"Кофейный столик ТАЛАНГО 381872"	"Y"	381872	30	30	45	8,2		"black"	"В наличии"	"square"	"nature_pol"	20000	381872		"Индонезия"	"Кофейные столы"	20000	"RUB"
	"Кофейный столик ТАЛАНГО 381873"	"Y"	381873	30	30	45	9		"black"	"В наличии"	"square"	"nature_pol"	20000	381873		"Индонезия"	"Кофейные столы"	20000	"RUB"
